t,v_mps,v_kph,acc_mps2,P_req_shaft_W,P_brake_avail_shaft_W,P_engine_mech_W,P_motor_mech_W,P_batt_W,SOC,engine_on,fuel_total_L
0.0,0.0,0.0,0.0,0.0,0.0,0.0,0.0,0.0,0.6,False,0.0
1.0,0.1388888888888889,0.5,0.1388888888888889,49.40291647795894,0.0,0.0,49.40291647795894,53.69882225865102,0.5999790647866439,False,0.0
2.0,0.2777777777777778,1.0,0.1388888888888889,98.81184329710146,0.0,0.0,98.81184329710146,107.40417749684941,0.5999371918129608,False,0.0
3.0,0.41666666666666663,1.5,0.13888888888888884,148.23279079861106,0.0,0.0,148.23279079861106,161.12259869414245,0.5998743759850099,False,0.0
4.0,0.5555555555555556,2.0,0.13888888888888895,197.67176932367155,0.0,0.0,197.67176932367155,214.86061883007775,0.5997906096618792,False,0.0
5.0,0.6944444444444444,2.5,0.13888888888888884,247.13478921346612,0.0,0.0,247.13478921346612,268.6247708842023,0.5996858826556867,False,0.0
6.0,0.8333333333333333,3.0,0.13888888888888884,296.6278608091786,0.0,0.0,296.6278608091786,322.42158783606374,0.5995601822315789,False,0.0
7.0,0.9722222222222222,3.5,0.13888888888888895,346.1569944519929,0.0,0.0,346.1569944519929,376.2576026652096,0.5994134931077328,False,0.0
8.0,1.1111111111111112,4.0,0.13888888888888895,395.72820048309194,0.0,0.0,395.72820048309194,430.13934835118687,0.5992457974553542,False,0.0
9.0,1.25,4.5,0.13888888888888884,445.3474892436593,0.0,0.0,445.3474892436593,484.0733578735427,0.5990570748986784,False,0.0
10.0,1.3888888888888888,5.0,0.13888888888888884,495.0208710748791,0.0,0.0,495.0208710748791,538.066164211825,0.5988473025149701,False,0.0
11.0,1.5277777777777777,5.5,0.13888888888888884,544.7543563179346,0.0,0.0,544.7543563179346,592.1243003455811,0.5986164548345235,False,0.0
12.0,1.6666666666666665,6.0,0.13888888888888884,594.5539553140095,0.0,0.0,594.5539553140095,646.2542992543581,0.5983645038406622,False,0.0
13.0,1.8055555555555556,6.5,0.13888888888888906,644.425678404288,0.0,0.0,644.425678404288,700.4626939177043,0.598091418969739,False,0.0
14.0,1.9444444444444444,7.0,0.13888888888888884,694.3755359299516,0.0,0.0,694.3755359299516,754.7560173151647,0.5977971671111366,False,0.0
15.0,2.0833333333333335,7.500000000000001,0.13888888888888906,744.4095382321866,0.0,0.0,744.4095382321866,809.1408024262897,0.5974817126072668,False,0.0
16.0,2.2222222222222223,8.0,0.13888888888888884,794.5336956521737,0.0,0.0,794.5336956521737,863.6235822306236,0.5971450172535706,False,0.0
17.0,2.361111111111111,8.5,0.13888888888888884,844.754018531099,0.0,0.0,844.754018531099,918.2108897077162,0.5967870402985188,False,0.0
18.0,2.5,9.0,0.13888888888888884,895.0765172101447,0.0,0.0,895.0765172101447,972.9092578371138,0.5964077384436116,False,0.0
19.0,2.638888888888889,9.5,0.13888888888888884,945.507202030495,0.0,0.0,945.507202030495,1027.7252195983642,0.5960070658433783,False,0.0
20.0,2.7777777777777777,10.0,0.13888888888888884,996.052083333333,0.0,0.0,996.052083333333,1082.665307971014,0.5955849741053779,False,0.0
21.0,2.9166666666666665,10.5,0.13888888888888884,1046.7171714598426,0.0,0.0,1046.7171714598426,1137.7360559346114,0.5951414122901988,False,0.0
22.0,3.0555555555555554,11.0,0.13888888888888884,1097.5084767512074,0.0,0.0,1097.5084767512074,1192.9439964687035,0.5946763269114586,False,0.0
23.0,3.194444444444444,11.5,0.13888888888888884,1148.4320095486107,0.0,0.0,1148.4320095486107,1248.2956625528377,0.5941896619358045,False,0.0
24.0,3.333333333333333,12.0,0.13888888888888884,1199.4937801932363,0.0,0.0,1199.4937801932363,1303.797587166561,0.5936813587829131,False,0.0
25.0,3.4722222222222223,12.5,0.13888888888888928,1250.6997990262703,0.0,0.0,1250.6997990262703,1359.456303289424,0.5931513563254903,False,0.0
26.0,3.611111111111111,13.0,0.13888888888888884,1302.0560763888886,0.0,0.0,1302.0560763888886,1415.2783439009659,0.5925995908892716,False,0.0
27.0,3.75,13.5,0.13888888888888884,1353.5686226222824,0.0,0.0,1353.5686226222824,1471.2702419807417,0.5920259962530218,False,0.0
28.0,3.888888888888889,14.0,0.13888888888888884,1405.2434480676325,0.0,0.0,1405.2434480676325,1527.438530508296,0.5914305036485352,False,0.0
29.0,4.027777777777778,14.5,0.13888888888888884,1457.0865630661226,0.0,0.0,1457.0865630661226,1583.7897424631767,0.5908130417606353,False,0.0
30.0,4.166666666666667,15.000000000000002,0.13888888888888928,1509.1039779589396,0.0,0.0,1509.1039779589396,1640.3304108249342,0.5901735367271753,False,0.0
31.0,4.305555555555555,15.5,0.1388888888888884,1561.3017030872552,0.0,0.0,1561.3017030872552,1697.0670685731034,0.5895119121390376,False,0.0
32.0,4.444444444444445,16.0,0.13888888888888928,1613.6857487922734,0.0,0.0,1613.6857487922734,1754.0062486872537,0.5888280890401343,False,0.0
33.0,4.583333333333333,16.5,0.1388888888888884,1666.2621254151536,0.0,0.0,1666.2621254151536,1811.154484146906,0.5881219859274064,False,0.0
34.0,4.722222222222222,17.0,0.13888888888888928,1719.0368432971043,0.0,0.0,1719.0368432971043,1868.518307931635,0.5873935187508249,False,0.0
35.0,4.861111111111111,17.5,0.1388888888888884,1772.0159127792838,0.0,0.0,1772.0159127792838,1926.1042530209606,0.5866426009133898,False,0.0
36.0,5.0,18.0,0.13888888888888928,1825.2053442029014,0.0,0.0,1825.2053442029014,1983.9188523944579,0.5858691432711308,False,0.0
37.0,5.138888888888888,18.5,0.1388888888888884,1878.6111479091144,0.0,0.0,1878.6111479091144,2041.968639031646,0.5850730541331067,False,0.0
38.0,5.277777777777778,19.0,0.13888888888888928,1932.2393342391335,0.0,0.0,1932.2393342391335,2100.2601459121015,0.5842542392614062,False,0.0
39.0,5.416666666666667,19.5,0.13888888888888928,1986.0959135341216,0.0,0.0,1986.0959135341216,2158.7999060153493,0.5834126018711467,False,0.0
40.0,5.555555555555555,20.0,0.1388888888888884,2040.1868961352618,0.0,0.0,2040.1868961352618,2217.594452320937,0.5825480426304758,False,0.0
41.0,5.694444444444445,20.5,0.13888888888888928,2094.518292383759,0.0,0.0,2094.518292383759,2276.650317808434,0.58166045966057,False,0.0
42.0,5.833333333333333,21.0,0.1388888888888884,2149.096112620768,0.0,0.0,2149.096112620768,2335.9740354573564,0.5807497485356353,False,0.0
43.0,5.972222222222222,21.5,0.13888888888888928,2203.9263671875037,0.0,0.0,2203.9263671875037,2395.5721382472866,0.5798158022829073,False,0.0
44.0,6.111111111111111,22.0,0.1388888888888884,2259.015066425116,0.0,0.0,2259.015066425116,2455.4511591577348,0.578858511382651,False,0.0
45.0,6.25,22.5,0.13888888888888928,2314.3682206748226,0.0,0.0,2314.3682206748226,2515.6176311682852,0.5778777637681604,False,0.0
46.0,6.388888888888888,23.0,0.1388888888888884,2369.9918402777726,0.0,0.0,2369.9918402777726,2576.0780872584482,0.5768734448257594,False,0.0
47.0,6.527777777777778,23.5,0.13888888888888928,2425.891935575185,0.0,0.0,2425.891935575185,2636.8390604078095,0.5758454373948012,False,0.0
48.0,6.666666666666666,24.0,0.1388888888888884,2482.074516908207,0.0,0.0,2482.074516908207,2697.907083595877,0.5747936217676684,False,0.0
49.0,6.805555555555555,24.5,0.13888888888888928,2538.545594618059,0.0,0.0,2538.545594618059,2759.288689802238,0.5737178756897727,False,0.0
50.0,6.944444444444445,25.0,0.13888888888888928,2595.311179045898,0.0,0.0,2595.311179045898,2820.9904120064107,0.5726180743595558,False,0.0
51.0,7.083333333333333,25.5,0.1388888888888884,2652.377280532905,0.0,0.0,2652.377280532905,2883.0187831879402,0.5714940904284884,False,0.0
52.0,7.222222222222222,26.0,0.13888888888888928,2709.7499094202944,0.0,0.0,2709.7499094202944,2945.380336326407,0.5703457940010707,False,0.0
53.0,7.361111111111111,26.5,0.1388888888888884,2767.4350760492093,0.0,0.0,2767.4350760492093,3008.0816044013145,0.5691730526348324,False,0.0
54.0,7.5,27.0,0.13888888888888928,2825.438790760874,0.0,0.0,2825.438790760874,3071.129120392254,0.5679757313403325,False,0.0
55.0,7.638888888888888,27.5,0.1388888888888884,2883.7670638964314,0.0,0.0,2883.7670638964314,3134.52941727873,0.5667536925811595,False,0.0
56.0,7.777777777777778,28.0,0.13888888888888928,2942.4259057971058,0.0,0.0,2942.4259057971058,3198.289028040332,0.5655067962739314,False,0.0
57.0,7.916666666666666,28.5,0.1388888888888884,3001.42132680404,0.0,0.0,3001.42132680404,3262.414485656565,0.5642348997882952,False,0.0
58.0,8.055555555555555,29.0,0.13888888888888928,3060.759337258459,0.0,0.0,3060.759337258459,3326.9123231070203,0.562937857946928,False,0.0
59.0,8.194444444444445,29.5,0.13888888888888928,3120.445947501514,0.0,0.0,3120.445947501514,3391.789073371211,0.5616155230255356,False,0.0
60.0,8.333333333333334,30.000000000000004,0.13888888888888928,3180.487167874401,0.0,0.0,3180.487167874401,3457.0512694286967,0.5602677447528539,False,0.0
61.0,8.333333333333334,30.000000000000004,0.0,1406.6345108695655,0.0,0.0,1406.6345108695655,1528.950555293006,0.5596716626650203,False,0.0
62.0,8.333333333333334,30.000000000000004,0.0,1406.6345108695655,0.0,0.0,1406.6345108695655,1528.950555293006,0.5590755805771868,False,0.0
63.0,8.333333333333334,30.000000000000004,0.0,1406.6345108695655,0.0,0.0,1406.6345108695655,1528.950555293006,0.5584794984893532,False,0.0
64.0,8.333333333333334,30.000000000000004,0.0,1406.6345108695655,0.0,0.0,1406.6345108695655,1528.950555293006,0.5578834164015197,False,0.0
65.0,8.333333333333334,30.000000000000004,0.0,1406.6345108695655,0.0,0.0,1406.6345108695655,1528.950555293006,0.5572873343136862,False,0.0
66.0,8.333333333333334,30.000000000000004,0.0,1406.6345108695655,0.0,0.0,1406.6345108695655,1528.950555293006,0.5566912522258526,False,0.0
67.0,8.333333333333334,30.000000000000004,0.0,1406.6345108695655,0.0,0.0,1406.6345108695655,1528.950555293006,0.556095170138019,False,0.0
68.0,8.333333333333334,30.000000000000004,0.0,1406.6345108695655,0.0,0.0,1406.6345108695655,1528.950555293006,0.5554990880501854,False,0.0
69.0,8.333333333333334,30.000000000000004,0.0,1406.6345108695655,0.0,0.0,1406.6345108695655,1528.950555293006,0.5549030059623519,False,0.0
70.0,8.333333333333334,30.000000000000004,0.0,1406.6345108695655,0.0,0.0,1406.6345108695655,1528.950555293006,0.5543069238745183,False,0.0
71.0,8.333333333333334,30.000000000000004,0.0,1406.6345108695655,0.0,0.0,1406.6345108695655,1528.950555293006,0.5537108417866847,False,0.0
72.0,8.333333333333334,30.000000000000004,0.0,1406.6345108695655,0.0,0.0,1406.6345108695655,1528.950555293006,0.5531147596988512,False,0.0
73.0,8.333333333333334,30.000000000000004,0.0,1406.6345108695655,0.0,0.0,1406.6345108695655,1528.950555293006,0.5525186776110176,False,0.0
74.0,8.333333333333334,30.000000000000004,0.0,1406.6345108695655,0.0,0.0,1406.6345108695655,1528.950555293006,0.551922595523184,False,0.0
75.0,8.333333333333334,30.000000000000004,0.0,1406.6345108695655,0.0,0.0,1406.6345108695655,1528.950555293006,0.5513265134353504,False,0.0
76.0,8.333333333333334,30.000000000000004,0.0,1406.6345108695655,0.0,0.0,1406.6345108695655,1528.950555293006,0.5507304313475169,False,0.0
77.0,8.333333333333334,30.000000000000004,0.0,1406.6345108695655,0.0,0.0,1406.6345108695655,1528.950555293006,0.5501343492596833,False,0.0
78.0,8.333333333333334,30.000000000000004,0.0,1406.6345108695655,0.0,0.0,1406.6345108695655,1528.950555293006,0.5495382671718497,False,0.0
79.0,8.333333333333334,30.000000000000004,0.0,1406.6345108695655,0.0,0.0,1406.6345108695655,1528.950555293006,0.5489421850840162,False,0.0
80.0,8.333333333333334,30.000000000000004,0.0,1406.6345108695655,0.0,0.0,1406.6345108695655,1528.950555293006,0.5483461029961826,False,0.0
81.0,8.333333333333334,30.000000000000004,0.0,1406.6345108695655,0.0,0.0,1406.6345108695655,1528.950555293006,0.5477500209083491,False,0.0
82.0,8.333333333333334,30.000000000000004,0.0,1406.6345108695655,0.0,0.0,1406.6345108695655,1528.950555293006,0.5471539388205156,False,0.0
83.0,8.333333333333334,30.000000000000004,0.0,1406.6345108695655,0.0,0.0,1406.6345108695655,1528.950555293006,0.546557856732682,False,0.0
84.0,8.333333333333334,30.000000000000004,0.0,1406.6345108695655,0.0,0.0,1406.6345108695655,1528.950555293006,0.5459617746448484,False,0.0
85.0,8.333333333333334,30.000000000000004,0.0,1406.6345108695655,0.0,0.0,1406.6345108695655,1528.950555293006,0.5453656925570148,False,0.0
86.0,8.333333333333334,30.000000000000004,0.0,1406.6345108695655,0.0,0.0,1406.6345108695655,1528.950555293006,0.5447696104691813,False,0.0
87.0,8.333333333333334,30.000000000000004,0.0,1406.6345108695655,0.0,0.0,1406.6345108695655,1528.950555293006,0.5441735283813477,False,0.0
88.0,8.333333333333334,30.000000000000004,0.0,1406.6345108695655,0.0,0.0,1406.6345108695655,1528.950555293006,0.5435774462935141,False,0.0
89.0,8.333333333333334,30.000000000000004,0.0,1406.6345108695655,0.0,0.0,1406.6345108695655,1528.950555293006,0.5429813642056806,False,0.0
90.0,8.333333333333334,30.000000000000004,0.0,1406.6345108695655,0.0,0.0,1406.6345108695655,1528.950555293006,0.542385282117847,False,0.0
91.0,8.333333333333334,30.000000000000004,0.0,1406.6345108695655,0.0,0.0,1406.6345108695655,1528.950555293006,0.5417892000300134,False,0.0
92.0,8.333333333333334,30.000000000000004,0.0,1406.6345108695655,0.0,0.0,1406.6345108695655,1528.950555293006,0.5411931179421798,False,0.0
93.0,8.333333333333334,30.000000000000004,0.0,1406.6345108695655,0.0,0.0,1406.6345108695655,1528.950555293006,0.5405970358543463,False,0.0
94.0,8.333333333333334,30.000000000000004,0.0,1406.6345108695655,0.0,0.0,1406.6345108695655,1528.950555293006,0.5400009537665127,False,0.0
95.0,8.333333333333334,30.000000000000004,0.0,1406.6345108695655,0.0,0.0,1406.6345108695655,1528.950555293006,0.5394048716786791,False,0.0
96.0,8.333333333333334,30.000000000000004,0.0,1406.6345108695655,0.0,0.0,1406.6345108695655,1528.950555293006,0.5388087895908455,False,0.0
97.0,8.333333333333334,30.000000000000004,0.0,1406.6345108695655,0.0,0.0,1406.6345108695655,1528.950555293006,0.538212707503012,False,0.0
98.0,8.333333333333334,30.000000000000004,0.0,1406.6345108695655,0.0,0.0,1406.6345108695655,1528.950555293006,0.5376166254151784,False,0.0
99.0,8.333333333333334,30.000000000000004,0.0,1406.6345108695655,0.0,0.0,1406.6345108695655,1528.950555293006,0.537020543327345,False,0.0
100.0,8.333333333333334,30.000000000000004,0.0,1406.6345108695655,0.0,0.0,1406.6345108695655,1528.950555293006,0.5364244612395114,False,0.0
101.0,8.333333333333334,30.000000000000004,0.0,1406.6345108695655,0.0,0.0,1406.6345108695655,1528.950555293006,0.5358283791516778,False,0.0
102.0,8.333333333333334,30.000000000000004,0.0,1406.6345108695655,0.0,0.0,1406.6345108695655,1528.950555293006,0.5352322970638442,False,0.0
103.0,8.333333333333334,30.000000000000004,0.0,1406.6345108695655,0.0,0.0,1406.6345108695655,1528.950555293006,0.5346362149760107,False,0.0
104.0,8.333333333333334,30.000000000000004,0.0,1406.6345108695655,0.0,0.0,1406.6345108695655,1528.950555293006,0.5340401328881771,False,0.0
105.0,8.333333333333334,30.000000000000004,0.0,1406.6345108695655,0.0,0.0,1406.6345108695655,1528.950555293006,0.5334440508003435,False,0.0
106.0,8.333333333333334,30.000000000000004,0.0,1406.6345108695655,0.0,0.0,1406.6345108695655,1528.950555293006,0.53284796871251,False,0.0
107.0,8.333333333333334,30.000000000000004,0.0,1406.6345108695655,0.0,0.0,1406.6345108695655,1528.950555293006,0.5322518866246764,False,0.0
108.0,8.333333333333334,30.000000000000004,0.0,1406.6345108695655,0.0,0.0,1406.6345108695655,1528.950555293006,0.5316558045368428,False,0.0
109.0,8.333333333333334,30.000000000000004,0.0,1406.6345108695655,0.0,0.0,1406.6345108695655,1528.950555293006,0.5310597224490092,False,0.0
110.0,8.333333333333334,30.000000000000004,0.0,1406.6345108695655,0.0,0.0,1406.6345108695655,1528.950555293006,0.5304636403611757,False,0.0
111.0,8.333333333333334,30.000000000000004,0.0,1406.6345108695655,0.0,0.0,1406.6345108695655,1528.950555293006,0.5298675582733421,False,0.0
112.0,8.333333333333334,30.000000000000004,0.0,1406.6345108695655,0.0,0.0,1406.6345108695655,1528.950555293006,0.5292714761855085,False,0.0
113.0,8.333333333333334,30.000000000000004,0.0,1406.6345108695655,0.0,0.0,1406.6345108695655,1528.950555293006,0.5286753940976749,False,0.0
114.0,8.333333333333334,30.000000000000004,0.0,1406.6345108695655,0.0,0.0,1406.6345108695655,1528.950555293006,0.5280793120098414,False,0.0
115.0,8.333333333333334,30.000000000000004,0.0,1406.6345108695655,0.0,0.0,1406.6345108695655,1528.950555293006,0.5274832299220078,False,0.0
116.0,8.333333333333334,30.000000000000004,0.0,1406.6345108695655,0.0,0.0,1406.6345108695655,1528.950555293006,0.5268871478341742,False,0.0
117.0,8.333333333333334,30.000000000000004,0.0,1406.6345108695655,0.0,0.0,1406.6345108695655,1528.950555293006,0.5262910657463408,False,0.0
118.0,8.333333333333334,30.000000000000004,0.0,1406.6345108695655,0.0,0.0,1406.6345108695655,1528.950555293006,0.5256949836585072,False,0.0
119.0,8.333333333333334,30.000000000000004,0.0,1406.6345108695655,0.0,0.0,1406.6345108695655,1528.950555293006,0.5250989015706736,False,0.0
120.0,8.333333333333334,30.000000000000004,0.0,1406.6345108695655,0.0,0.0,1406.6345108695655,1528.950555293006,0.52450281948284,False,0.0
121.0,8.055555555555555,29.0,-0.27777777777777857,0.0,2264.579747886484,0.0,0.0,0.0,0.52450281948284,False,0.0
122.0,7.777777777777778,28.0,-0.2777777777777777,0.0,2200.392971539591,0.0,0.0,0.0,0.52450281948284,False,0.0
123.0,7.5,27.0,-0.2777777777777777,0.0,2134.7428077741006,0.0,0.0,0.0,0.52450281948284,False,0.0
124.0,7.222222222222222,26.0,-0.2777777777777777,0.0,2067.6815204263794,0.0,0.0,0.0,0.52450281948284,False,0.0
125.0,6.944444444444445,25.0,-0.2777777777777777,0.0,1999.261373332807,0.0,0.0,0.0,0.52450281948284,False,0.0
126.0,6.666666666666666,24.0,-0.27777777777777857,0.0,1929.534630329771,0.0,0.0,0.0,0.52450281948284,False,0.0
127.0,6.388888888888888,23.0,-0.2777777777777777,0.0,1858.5535552536219,0.0,0.0,0.0,0.52450281948284,False,0.0
128.0,6.111111111111111,22.0,-0.2777777777777777,0.0,1786.370411940767,0.0,0.0,0.0,0.52450281948284,False,0.0
129.0,5.833333333333333,21.0,-0.2777777777777777,0.0,1713.037464227577,0.0,0.0,0.0,0.52450281948284,False,0.0
130.0,5.555555555555555,20.0,-0.2777777777777777,0.0,1638.6069759504294,0.0,0.0,0.0,0.52450281948284,False,0.0
131.0,5.277777777777778,19.0,-0.2777777777777777,0.0,1563.1312109457033,0.0,0.0,0.0,0.52450281948284,False,0.0
132.0,5.0,18.0,-0.2777777777777777,0.0,1486.6624330497784,0.0,0.0,0.0,0.52450281948284,False,0.0
133.0,4.722222222222222,17.0,-0.2777777777777777,0.0,1409.2529060990328,0.0,0.0,0.0,0.52450281948284,False,0.0
134.0,4.444444444444445,16.0,-0.2777777777777777,0.0,1330.9548939298456,0.0,0.0,0.0,0.52450281948284,False,0.0
135.0,4.166666666666667,15.000000000000002,-0.2777777777777777,0.0,1251.8206603785961,0.0,0.0,0.0,0.52450281948284,False,0.0
136.0,3.888888888888889,14.0,-0.2777777777777781,0.0,1171.9024692816654,0.0,0.0,0.0,0.52450281948284,False,0.0
137.0,3.611111111111111,13.0,-0.2777777777777777,0.0,1091.2525844754243,0.0,0.0,0.0,0.52450281948284,False,0.0
138.0,3.333333333333333,12.0,-0.2777777777777781,0.0,1009.9232697962628,0.0,0.0,0.0,0.52450281948284,False,0.0
139.0,3.0555555555555554,11.0,-0.2777777777777777,0.0,927.9667890805497,0.0,0.0,0.0,0.52450281948284,False,0.0
140.0,2.7777777777777777,10.0,-0.2777777777777777,0.0,845.4354061646706,0.0,0.0,0.0,0.52450281948284,False,0.0
141.0,2.5,9.0,-0.2777777777777777,0.0,762.3813848850024,0.0,0.0,0.0,0.52450281948284,False,0.0
142.0,2.2222222222222223,8.0,-0.2777777777777777,0.0,678.8569890779245,0.0,0.0,0.0,0.52450281948284,False,0.0
143.0,1.9444444444444444,7.0,-0.2777777777777779,0.0,594.9144825798154,0.0,0.0,0.0,0.52450281948284,False,0.0
144.0,1.6666666666666665,6.0,-0.2777777777777779,0.0,510.60612922705343,0.0,0.0,0.0,0.52450281948284,False,0.0
145.0,1.3888888888888888,5.0,-0.2777777777777777,0.0,425.98419285601733,0.0,0.0,0.0,0.52450281948284,False,0.0
146.0,1.1111111111111112,4.0,-0.2777777777777777,0.0,341.1009373030874,0.0,0.0,0.0,0.52450281948284,False,0.0
147.0,0.8333333333333333,3.0,-0.2777777777777779,0.0,256.00862640464203,0.0,0.0,0.0,0.52450281948284,False,0.0
148.0,0.5555555555555556,2.0,-0.2777777777777777,0.0,170.75952399705935,0.0,0.0,0.0,0.52450281948284,False,0.0
149.0,0.2777777777777778,1.0,-0.2777777777777778,0.0,85.40589391671917,0.0,0.0,0.0,0.52450281948284,False,0.0
150.0,0.0,0.0,-0.2777777777777778,0.0,0.0,0.0,0.0,0.0,0.52450281948284,False,0.0
151.0,0.0,0.0,0.0,0.0,0.0,0.0,0.0,0.0,0.52450281948284,False,0.0
152.0,0.0,0.0,0.0,0.0,0.0,0.0,0.0,0.0,0.52450281948284,False,0.0
153.0,0.0,0.0,0.0,0.0,0.0,0.0,0.0,0.0,0.52450281948284,False,0.0
154.0,0.0,0.0,0.0,0.0,0.0,0.0,0.0,0.0,0.52450281948284,False,0.0
155.0,0.0,0.0,0.0,0.0,0.0,0.0,0.0,0.0,0.52450281948284,False,0.0
156.0,0.0,0.0,0.0,0.0,0.0,0.0,0.0,0.0,0.52450281948284,False,0.0
157.0,0.0,0.0,0.0,0.0,0.0,0.0,0.0,0.0,0.52450281948284,False,0.0
158.0,0.0,0.0,0.0,0.0,0.0,0.0,0.0,0.0,0.52450281948284,False,0.0
159.0,0.0,0.0,0.0,0.0,0.0,0.0,0.0,0.0,0.52450281948284,False,0.0
160.0,0.0,0.0,0.0,0.0,0.0,0.0,0.0,0.0,0.52450281948284,False,0.0
161.0,0.0,0.0,0.0,0.0,0.0,0.0,0.0,0.0,0.52450281948284,False,0.0
162.0,0.0,0.0,0.0,0.0,0.0,0.0,0.0,0.0,0.52450281948284,False,0.0
163.0,0.0,0.0,0.0,0.0,0.0,0.0,0.0,0.0,0.52450281948284,False,0.0
164.0,0.0,0.0,0.0,0.0,0.0,0.0,0.0,0.0,0.52450281948284,False,0.0
165.0,0.0,0.0,0.0,0.0,0.0,0.0,0.0,0.0,0.52450281948284,False,0.0
166.0,0.0,0.0,0.0,0.0,0.0,0.0,0.0,0.0,0.52450281948284,False,0.0
167.0,0.0,0.0,0.0,0.0,0.0,0.0,0.0,0.0,0.52450281948284,False,0.0
168.0,0.0,0.0,0.0,0.0,0.0,0.0,0.0,0.0,0.52450281948284,False,0.0
169.0,0.0,0.0,0.0,0.0,0.0,0.0,0.0,0.0,0.52450281948284,False,0.0
170.0,0.0,0.0,0.0,0.0,0.0,0.0,0.0,0.0,0.52450281948284,False,0.0
171.0,0.0,0.0,0.0,0.0,0.0,0.0,0.0,0.0,0.52450281948284,False,0.0
172.0,0.0,0.0,0.0,0.0,0.0,0.0,0.0,0.0,0.52450281948284,False,0.0
173.0,0.0,0.0,0.0,0.0,0.0,0.0,0.0,0.0,0.52450281948284,False,0.0
174.0,0.0,0.0,0.0,0.0,0.0,0.0,0.0,0.0,0.52450281948284,False,0.0
175.0,0.0,0.0,0.0,0.0,0.0,0.0,0.0,0.0,0.52450281948284,False,0.0
176.0,0.0,0.0,0.0,0.0,0.0,0.0,0.0,0.0,0.52450281948284,False,0.0
177.0,0.0,0.0,0.0,0.0,0.0,0.0,0.0,0.0,0.52450281948284,False,0.0
178.0,0.0,0.0,0.0,0.0,0.0,0.0,0.0,0.0,0.52450281948284,False,0.0
179.0,0.0,0.0,0.0,0.0,0.0,0.0,0.0,0.0,0.52450281948284,False,0.0
180.0,0.0,0.0,0.0,0.0,0.0,0.0,0.0,0.0,0.52450281948284,False,0.0
181.0,0.0,0.0,0.0,0.0,0.0,0.0,0.0,0.0,0.52450281948284,False,0.0
182.0,0.0,0.0,0.0,0.0,0.0,0.0,0.0,0.0,0.52450281948284,False,0.0
183.0,0.0,0.0,0.0,0.0,0.0,0.0,0.0,0.0,0.52450281948284,False,0.0
184.0,0.0,0.0,0.0,0.0,0.0,0.0,0.0,0.0,0.52450281948284,False,0.0
185.0,0.0,0.0,0.0,0.0,0.0,0.0,0.0,0.0,0.52450281948284,False,0.0
186.0,0.0,0.0,0.0,0.0,0.0,0.0,0.0,0.0,0.52450281948284,False,0.0
187.0,0.0,0.0,0.0,0.0,0.0,0.0,0.0,0.0,0.52450281948284,False,0.0
188.0,0.0,0.0,0.0,0.0,0.0,0.0,0.0,0.0,0.52450281948284,False,0.0
189.0,0.0,0.0,0.0,0.0,0.0,0.0,0.0,0.0,0.52450281948284,False,0.0
190.0,0.0,0.0,0.0,0.0,0.0,0.0,0.0,0.0,0.52450281948284,False,0.0
191.0,0.0,0.0,0.0,0.0,0.0,0.0,0.0,0.0,0.52450281948284,False,0.0
192.0,0.0,0.0,0.0,0.0,0.0,0.0,0.0,0.0,0.52450281948284,False,0.0
193.0,0.0,0.0,0.0,0.0,0.0,0.0,0.0,0.0,0.52450281948284,False,0.0
194.0,0.0,0.0,0.0,0.0,0.0,0.0,0.0,0.0,0.52450281948284,False,0.0
195.0,0.0,0.0,0.0,0.0,0.0,0.0,0.0,0.0,0.52450281948284,False,0.0
196.0,0.0,0.0,0.0,0.0,0.0,0.0,0.0,0.0,0.52450281948284,False,0.0
197.0,0.0,0.0,0.0,0.0,0.0,0.0,0.0,0.0,0.52450281948284,False,0.0
198.0,0.0,0.0,0.0,0.0,0.0,0.0,0.0,0.0,0.52450281948284,False,0.0
199.0,0.0,0.0,0.0,0.0,0.0,0.0,0.0,0.0,0.52450281948284,False,0.0
200.0,0.0,0.0,0.0,0.0,0.0,0.0,0.0,0.0,0.52450281948284,False,0.0
201.0,0.23148148148148148,0.8333333333333334,0.23148148148148148,115.1902854775191,0.0,0.0,115.1902854775191,125.20683204078162,0.524454005903097,False,0.0
202.0,0.46296296296296297,1.6666666666666667,0.23148148148148148,230.40839660866587,0.0,0.0,230.40839660866587,250.4439093572455,0.5243563669520804,False,0.0
203.0,0.6944444444444444,2.5,0.23148148148148145,345.68215904706784,0.0,0.0,345.68215904706784,375.7414772250737,0.5242098790467297,False,0.0
204.0,0.9259259259259259,3.3333333333333335,0.2314814814814815,461.039398446353,0.0,0.0,461.039398446353,501.12978091994887,0.5240145068124528,False,0.0
205.0,1.1574074074074074,4.166666666666667,0.2314814814814815,576.5079404601487,0.0,0.0,576.5079404601487,626.6390657175529,0.5237702030831283,False,0.0
206.0,1.3888888888888888,5.0,0.2314814814814814,692.1156107420825,0.0,0.0,692.1156107420825,752.2995768935679,0.5234769089011034,False,0.0
207.0,1.6203703703703705,5.833333333333334,0.23148148148148162,807.890234945783,0.0,0.0,807.890234945783,878.1415597236772,0.5231345535171955,False,0.0
208.0,1.8518518518518519,6.666666666666667,0.2314814814814814,923.859638724876,0.0,0.0,923.859638724876,1004.1952594835609,0.5227430543906912,False,0.0
209.0,2.0833333333333335,7.500000000000001,0.23148148148148162,1040.0516477329916,0.0,0.0,1040.0516477329916,1130.490921448904,0.5223023171893466,False,0.0
210.0,2.314814814814815,8.333333333333334,0.2314814814814814,1156.4940876237547,0.0,0.0,1156.4940876237547,1257.0587908953855,0.5218122357893874,False,0.0
211.0,2.5462962962962967,9.166666666666668,0.23148148148148184,1273.214784050797,0.0,0.0,1273.214784050797,1383.9291130986924,0.5212726922755088,False,0.0
212.0,2.7777777777777777,10.0,0.23148148148148096,1390.2415626677378,0.0,0.0,1390.2415626677378,1511.1321333344974,0.5206835569408754,False,0.0
213.0,3.0092592592592595,10.833333333333334,0.23148148148148184,1507.6022491282188,0.0,0.0,1507.6022491282188,1638.6980968784985,0.5200446882871216,False,0.0
214.0,3.240740740740741,11.666666666666668,0.2314814814814814,1625.3246690858532,0.0,0.0,1625.3246690858532,1766.657249006362,0.5193559330243511,False,0.0
215.0,3.4722222222222223,12.5,0.2314814814814814,1743.4366481942764,0.0,0.0,1743.4366481942764,1895.0398349937786,0.5186171260711372,False,0.0
216.0,3.7037037037037037,13.333333333333334,0.2314814814814814,1861.9660121071147,0.0,0.0,1861.9660121071147,2023.876100116429,0.5178280905545225,False,0.0
217.0,3.9351851851851856,14.166666666666668,0.23148148148148184,1980.9405864779987,0.0,0.0,1980.9405864779987,2153.1962896499986,0.5169886378100196,False,0.0
218.0,4.166666666666667,15.000000000000002,0.2314814814814814,2100.3881969605477,0.0,0.0,2100.3881969605477,2283.0306488701603,0.5160985673816102,False,0.0
219.0,4.398148148148148,15.833333333333332,0.23148148148148096,2220.336669208393,0.0,0.0,2220.336669208393,2413.4094230526007,0.5151576670217456,False,0.0
220.0,4.62962962962963,16.666666666666668,0.23148148148148184,2340.8138288751743,0.0,0.0,2340.8138288751743,2544.3628574730155,0.5141657126913468,False,0.0
221.0,4.861111111111111,17.5,0.23148148148148096,2461.8475016144953,0.0,0.0,2461.8475016144953,2675.92119740706,0.5131224685598041,False,0.0
222.0,5.0925925925925934,18.333333333333336,0.23148148148148273,2583.465513080019,0.0,0.0,2583.465513080019,2808.1146881304553,0.5120276870049774,False,0.0
223.0,5.324074074074074,19.166666666666668,0.23148148148148096,2705.695688925322,0.0,0.0,2705.695688925322,2940.973574918828,0.5108811086131961,False,0.0
224.0,5.555555555555555,20.0,0.23148148148148096,2828.565854804074,0.0,0.0,2828.565854804074,3074.528103047907,0.5096824621792594,False,0.0
225.0,5.787037037037037,20.833333333333336,0.23148148148148184,2952.103836369901,0.0,0.0,2952.103836369901,3208.8085177933704,0.5084314647064354,False,0.0
226.0,6.018518518518519,21.666666666666668,0.23148148148148184,3076.33745927641,0.0,0.0,3076.33745927641,3343.84506443088,0.5071278214064623,False,0.0
227.0,6.25,22.5,0.23148148148148096,3201.2945491772293,0.0,0.0,3201.2945491772293,3479.6679882361186,0.5057712256995477,False,0.0
228.0,6.481481481481482,23.333333333333336,0.23148148148148184,3327.0029317260137,0.0,0.0,3327.0029317260137,3616.3075344847975,0.5043613592143684,False,0.0
229.0,6.712962962962963,24.166666666666668,0.23148148148148096,3453.4904325763537,0.0,0.0,3453.4904325763537,3753.793948452558,0.5028978917880712,False,0.0
230.0,6.944444444444445,25.0,0.23148148148148184,3580.7848773819146,0.0,0.0,3580.7848773819146,3892.1574754151243,0.5013804814662719,False,0.0
231.0,7.1759259259259265,25.833333333333336,0.23148148148148184,3708.914091796297,0.0,0.0,3708.914091796297,4031.4283606481486,0.49980877450305633,False,0.0
232.0,7.407407407407407,26.666666666666668,0.23148148148148096,3837.9059014731256,0.0,0.0,3837.9059014731256,4171.63684942731,0.49818240536097935,False,0.0
233.0,7.638888888888888,27.5,0.23148148148148096,3967.788132066049,0.0,0.0,3967.788132066049,4312.813187028314,0.49650099671106585,False,0.0
234.0,7.870370370370371,28.333333333333336,0.23148148148148273,4098.588609228709,0.0,0.0,4098.588609228709,4454.987618726857,0.4947641594328097,False,0.0
235.0,8.101851851851851,29.166666666666664,0.23148148148148007,4230.335158614653,0.0,0.0,4230.335158614653,4598.190389798536,0.49297149261417483,False,0.0
236.0,8.333333333333334,30.000000000000004,0.23148148148148273,4363.055605877633,0.0,0.0,4363.055605877633,4742.451745519166,0.49112258355159427,False,0.0
237.0,8.564814814814815,30.833333333333336,0.23148148148148096,4496.7777766711515,0.0,0.0,4496.7777766711515,4887.801931164295,0.4892170077499708,False,0.0
238.0,8.796296296296296,31.666666666666664,0.23148148148148096,4631.5294966489155,0.0,0.0,4631.5294966489155,5034.271192009691,0.4872543289226766,False,0.0
239.0,9.027777777777777,32.5,0.23148148148148096,4767.338591464531,0.0,0.0,4767.338591464531,5181.889773331012,0.4852340989915534,False,0.0
240.0,9.25925925925926,33.333333333333336,0.23148148148148273,4904.232886771652,0.0,0.0,4904.232886771652,5330.68792040397,0.48315585808691247,False,0.0
241.0,9.490740740740742,34.16666666666667,0.23148148148148273,5042.240208223855,0.0,0.0,5042.240208223855,5480.69587850419,0.4810191345475346,False,0.0
242.0,9.722222222222221,35.0,0.23148148148147918,5181.388381474737,0.0,0.0,5181.388381474737,5631.943892907322,0.47882344492067014,False,0.0
243.0,9.953703703703704,35.833333333333336,0.23148148148148273,5321.705232178089,0.0,0.0,5321.705232178089,5784.462208889227,0.4765682939620389,False,0.0
244.0,10.185185185185187,36.66666666666667,0.23148148148148273,5463.218585987377,0.0,0.0,5463.218585987377,5938.28107172541,0.47425317463583017,False,0.0
245.0,10.416666666666666,37.5,0.23148148148147918,5605.956268556222,0.0,0.0,5605.956268556222,6093.430726691546,0.47187756811470283,False,0.0
246.0,10.648148148148149,38.333333333333336,0.23148148148148273,5749.94610553843,0.0,0.0,5749.94610553843,6249.941419063511,0.4694409437797853,False,0.0
247.0,10.879629629629632,39.16666666666667,0.23148148148148273,5895.215922587453,0.0,0.0,5895.215922587453,6407.843394116797,0.4669427592206754,False,0.0
248.0,11.11111111111111,40.0,0.23148148148147918,6041.793545356911,0.0,0.0,6041.793545356911,6567.1668971270765,0.4643824602354407,False,0.0
249.0,11.342592592592593,40.833333333333336,0.23148148148148273,6189.706799500623,0.0,0.0,6189.706799500623,6727.942173370242,0.461759480830618,False,0.0
250.0,11.574074074074074,41.66666666666667,0.23148148148148096,6338.983510671996,0.0,0.0,6338.983510671996,6890.199468121734,0.45907324322121384,False,0.0
251.0,11.805555555555555,42.5,0.23148148148148096,6489.6515045247825,0.0,0.0,6489.6515045247825,7053.969026657372,0.45632315783070415,False,0.0
252.0,12.037037037037038,43.333333333333336,0.23148148148148273,6641.738606712614,0.0,0.0,6641.738606712614,7219.28109425284,0.4535086232910345,False,0.0
253.0,12.268518518518519,44.16666666666667,0.23148148148148096,6795.272642889017,0.0,0.0,6795.272642889017,7386.165916183714,0.45062902644261976,False,0.0
254.0,12.5,45.0,0.23148148148148096,6950.281438707719,0.0,0.0,6950.281438707719,7554.653737725781,0.4476837423343446,False,0.0
255.0,12.731481481481481,45.833333333333336,0.23148148148148096,7106.792819822316,0.0,0.0,7106.792819822316,7724.774804154691,0.44467213422356305,False,0.0
256.0,12.962962962962964,46.66666666666667,0.23148148148148273,7264.83461188647,0.0,0.0,7264.83461188647,7896.559360746163,0.44159355357609864,False,0.0
257.0,13.194444444444445,47.5,0.23148148148148096,7424.434640553699,0.0,0.0,7424.434640553699,8070.037652775759,0.4384473400662446,False,0.0
258.0,13.425925925925926,48.333333333333336,0.23148148148148096,7585.620731477741,0.0,0.0,7585.620731477741,8245.239925519283,0.4352328215767634,False,0.0
259.0,13.657407407407408,49.16666666666667,0.23148148148148273,7748.420710312229,0.0,0.0,7748.420710312229,8422.196424252423,0.4319493141988872,False,0.0
260.0,13.88888888888889,50.0,0.23148148148148096,7912.862402710671,0.0,0.0,7912.862402710671,8600.937394250728,0.4285961222323177,False,0.0
261.0,13.88888888888889,50.0,0.0,2985.493911030596,0.0,0.0,2985.493911030596,3245.1020772071693,0.4273309752236599,False,0.0
262.0,13.88888888888889,50.0,0.0,2985.493911030596,0.0,0.0,2985.493911030596,3245.1020772071693,0.4260658282150021,False,0.0
263.0,13.88888888888889,50.0,0.0,2985.493911030596,0.0,0.0,2985.493911030596,3245.1020772071693,0.42480068120634434,False,0.0
264.0,13.88888888888889,50.0,0.0,2985.493911030596,0.0,0.0,2985.493911030596,3245.1020772071693,0.4235355341976866,False,0.0
265.0,13.88888888888889,50.0,0.0,2985.493911030596,0.0,0.0,2985.493911030596,3245.1020772071693,0.4222703871890288,False,0.0
266.0,13.88888888888889,50.0,0.0,2985.493911030596,0.0,0.0,2985.493911030596,3245.1020772071693,0.421005240180371,False,0.0
267.0,13.88888888888889,50.0,0.0,2985.493911030596,0.0,0.0,2985.493911030596,3245.1020772071693,0.41974009317171324,False,0.0
268.0,13.88888888888889,50.0,0.0,2985.493911030596,0.0,2985.493911030596,0.0,0.0,0.41974009317171324,True,0.00026715829181481844
269.0,13.88888888888889,50.0,0.0,2985.493911030596,0.0,2985.493911030596,0.0,0.0,0.41974009317171324,True,0.0005343165836296369
270.0,13.88888888888889,50.0,0.0,2985.493911030596,0.0,2985.493911030596,0.0,0.0,0.41974009317171324,True,0.0008014748754444554
271.0,13.88888888888889,50.0,0.0,2985.493911030596,0.0,2985.493911030596,0.0,0.0,0.41974009317171324,True,0.0010686331672592737
272.0,13.88888888888889,50.0,0.0,2985.493911030596,0.0,2985.493911030596,0.0,0.0,0.41974009317171324,True,0.0013357914590740921
273.0,13.88888888888889,50.0,0.0,2985.493911030596,0.0,2985.493911030596,0.0,0.0,0.41974009317171324,True,0.0016029497508889105
274.0,13.88888888888889,50.0,0.0,2985.493911030596,0.0,2985.493911030596,0.0,0.0,0.41974009317171324,True,0.0018701080427037289
275.0,13.88888888888889,50.0,0.0,2985.493911030596,0.0,2985.493911030596,0.0,0.0,0.41974009317171324,True,0.0021372663345185475
276.0,13.88888888888889,50.0,0.0,2985.493911030596,0.0,2985.493911030596,0.0,0.0,0.41974009317171324,True,0.002404424626333366
277.0,13.88888888888889,50.0,0.0,2985.493911030596,0.0,2985.493911030596,0.0,0.0,0.41974009317171324,True,0.0026715829181481843
278.0,13.88888888888889,50.0,0.0,2985.493911030596,0.0,2985.493911030596,0.0,0.0,0.41974009317171324,True,0.0029387412099630026
279.0,13.88888888888889,50.0,0.0,2985.493911030596,0.0,2985.493911030596,0.0,0.0,0.41974009317171324,True,0.003205899501777821
280.0,13.88888888888889,50.0,0.0,2985.493911030596,0.0,2985.493911030596,0.0,0.0,0.41974009317171324,True,0.0034730577935926394
281.0,13.88888888888889,50.0,0.0,2985.493911030596,0.0,2985.493911030596,0.0,0.0,0.41974009317171324,True,0.0037402160854074578
282.0,13.88888888888889,50.0,0.0,2985.493911030596,0.0,2985.493911030596,0.0,0.0,0.41974009317171324,True,0.004007374377222276
283.0,13.88888888888889,50.0,0.0,2985.493911030596,0.0,2985.493911030596,0.0,0.0,0.41974009317171324,True,0.004274532669037095
284.0,13.88888888888889,50.0,0.0,2985.493911030596,0.0,2985.493911030596,0.0,0.0,0.41974009317171324,True,0.004541690960851914
285.0,13.88888888888889,50.0,0.0,2985.493911030596,0.0,2985.493911030596,0.0,0.0,0.41974009317171324,True,0.004808849252666733
286.0,13.88888888888889,50.0,0.0,2985.493911030596,0.0,2985.493911030596,0.0,0.0,0.41974009317171324,True,0.005076007544481551
287.0,13.88888888888889,50.0,0.0,2985.493911030596,0.0,2985.493911030596,0.0,0.0,0.41974009317171324,True,0.00534316583629637
288.0,13.88888888888889,50.0,0.0,2985.493911030596,0.0,2985.493911030596,0.0,0.0,0.41974009317171324,True,0.005610324128111189
289.0,13.88888888888889,50.0,0.0,2985.493911030596,0.0,2985.493911030596,0.0,0.0,0.41974009317171324,True,0.005877482419926008
290.0,13.88888888888889,50.0,0.0,2985.493911030596,0.0,2985.493911030596,0.0,0.0,0.41974009317171324,True,0.006144640711740827
291.0,13.88888888888889,50.0,0.0,2985.493911030596,0.0,2985.493911030596,0.0,0.0,0.41974009317171324,True,0.0064117990035556455
292.0,13.88888888888889,50.0,0.0,2985.493911030596,0.0,2985.493911030596,0.0,0.0,0.41974009317171324,True,0.006678957295370464
293.0,13.88888888888889,50.0,0.0,2985.493911030596,0.0,2985.493911030596,0.0,0.0,0.41974009317171324,True,0.006946115587185283
294.0,13.88888888888889,50.0,0.0,2985.493911030596,0.0,2985.493911030596,0.0,0.0,0.41974009317171324,True,0.007213273879000102
295.0,13.88888888888889,50.0,0.0,2985.493911030596,0.0,2985.493911030596,0.0,0.0,0.41974009317171324,True,0.007480432170814921
296.0,13.88888888888889,50.0,0.0,2985.493911030596,0.0,2985.493911030596,0.0,0.0,0.41974009317171324,True,0.00774759046262974
297.0,13.88888888888889,50.0,0.0,2985.493911030596,0.0,2985.493911030596,0.0,0.0,0.41974009317171324,True,0.008014748754444558
298.0,13.88888888888889,50.0,0.0,2985.493911030596,0.0,2985.493911030596,0.0,0.0,0.41974009317171324,True,0.008281907046259376
299.0,13.88888888888889,50.0,0.0,2985.493911030596,0.0,2985.493911030596,0.0,0.0,0.41974009317171324,True,0.008549065338074195
300.0,13.88888888888889,50.0,0.0,2985.493911030596,0.0,2985.493911030596,0.0,0.0,0.41974009317171324,True,0.008816223629889014
301.0,13.88888888888889,50.0,0.0,2985.493911030596,0.0,2985.493911030596,0.0,0.0,0.41974009317171324,True,0.009083381921703833
302.0,13.88888888888889,50.0,0.0,2985.493911030596,0.0,2985.493911030596,0.0,0.0,0.41974009317171324,True,0.009350540213518652
303.0,13.88888888888889,50.0,0.0,2985.493911030596,0.0,2985.493911030596,0.0,0.0,0.41974009317171324,True,0.00961769850533347
304.0,13.88888888888889,50.0,0.0,2985.493911030596,0.0,2985.493911030596,0.0,0.0,0.41974009317171324,True,0.00988485679714829
305.0,13.88888888888889,50.0,0.0,2985.493911030596,0.0,2985.493911030596,0.0,0.0,0.41974009317171324,True,0.010152015088963108
306.0,13.88888888888889,50.0,0.0,2985.493911030596,0.0,2985.493911030596,0.0,0.0,0.41974009317171324,True,0.010419173380777927
307.0,13.88888888888889,50.0,0.0,2985.493911030596,0.0,2985.493911030596,0.0,0.0,0.41974009317171324,True,0.010686331672592746
308.0,13.88888888888889,50.0,0.0,2985.493911030596,0.0,2985.493911030596,0.0,0.0,0.41974009317171324,True,0.010953489964407565
309.0,13.88888888888889,50.0,0.0,2985.493911030596,0.0,2985.493911030596,0.0,0.0,0.41974009317171324,True,0.011220648256222383
310.0,13.88888888888889,50.0,0.0,2985.493911030596,0.0,2985.493911030596,0.0,0.0,0.41974009317171324,True,0.011487806548037202
311.0,13.88888888888889,50.0,0.0,2985.493911030596,0.0,2985.493911030596,0.0,0.0,0.41974009317171324,True,0.011754964839852021
312.0,13.88888888888889,50.0,0.0,2985.493911030596,0.0,2985.493911030596,0.0,0.0,0.41974009317171324,True,0.01202212313166684
313.0,13.88888888888889,50.0,0.0,2985.493911030596,0.0,2985.493911030596,0.0,0.0,0.41974009317171324,True,0.012289281423481659
314.0,13.88888888888889,50.0,0.0,2985.493911030596,0.0,2985.493911030596,0.0,0.0,0.41974009317171324,True,0.012556439715296477
315.0,13.88888888888889,50.0,0.0,2985.493911030596,0.0,2985.493911030596,0.0,0.0,0.41974009317171324,True,0.012823598007111296
316.0,13.88888888888889,50.0,0.0,2985.493911030596,0.0,2985.493911030596,0.0,0.0,0.41974009317171324,True,0.013090756298926115
317.0,13.88888888888889,50.0,0.0,2985.493911030596,0.0,2985.493911030596,0.0,0.0,0.41974009317171324,True,0.013357914590740934
318.0,13.88888888888889,50.0,0.0,2985.493911030596,0.0,2985.493911030596,0.0,0.0,0.41974009317171324,True,0.013625072882555753
319.0,13.88888888888889,50.0,0.0,2985.493911030596,0.0,2985.493911030596,0.0,0.0,0.41974009317171324,True,0.013892231174370571
320.0,13.88888888888889,50.0,0.0,2985.493911030596,0.0,2985.493911030596,0.0,0.0,0.41974009317171324,True,0.01415938946618539
321.0,13.88888888888889,50.0,0.0,2985.493911030596,0.0,2985.493911030596,0.0,0.0,0.41974009317171324,True,0.014426547758000209
322.0,13.88888888888889,50.0,0.0,2985.493911030596,0.0,2985.493911030596,0.0,0.0,0.41974009317171324,True,0.014693706049815028
323.0,13.88888888888889,50.0,0.0,2985.493911030596,0.0,2985.493911030596,0.0,0.0,0.41974009317171324,True,0.014960864341629847
324.0,13.88888888888889,50.0,0.0,2985.493911030596,0.0,2985.493911030596,0.0,0.0,0.41974009317171324,True,0.015228022633444666
325.0,13.88888888888889,50.0,0.0,2985.493911030596,0.0,2985.493911030596,0.0,0.0,0.41974009317171324,True,0.015495180925259484
326.0,13.88888888888889,50.0,0.0,2985.493911030596,0.0,2985.493911030596,0.0,0.0,0.41974009317171324,True,0.015762339217074303
327.0,13.88888888888889,50.0,0.0,2985.493911030596,0.0,2985.493911030596,0.0,0.0,0.41974009317171324,True,0.016029497508889122
328.0,13.88888888888889,50.0,0.0,2985.493911030596,0.0,2985.493911030596,0.0,0.0,0.41974009317171324,True,0.01629665580070394
329.0,13.88888888888889,50.0,0.0,2985.493911030596,0.0,2985.493911030596,0.0,0.0,0.41974009317171324,True,0.01656381409251876
330.0,13.88888888888889,50.0,0.0,2985.493911030596,0.0,2985.493911030596,0.0,0.0,0.41974009317171324,True,0.01683097238433358
331.0,13.88888888888889,50.0,0.0,2985.493911030596,0.0,2985.493911030596,0.0,0.0,0.41974009317171324,True,0.017098130676148397
332.0,13.88888888888889,50.0,0.0,2985.493911030596,0.0,2985.493911030596,0.0,0.0,0.41974009317171324,True,0.017365288967963216
333.0,13.88888888888889,50.0,0.0,2985.493911030596,0.0,2985.493911030596,0.0,0.0,0.41974009317171324,True,0.017632447259778035
334.0,13.88888888888889,50.0,0.0,2985.493911030596,0.0,2985.493911030596,0.0,0.0,0.41974009317171324,True,0.017899605551592854
335.0,13.88888888888889,50.0,0.0,2985.493911030596,0.0,2985.493911030596,0.0,0.0,0.41974009317171324,True,0.018166763843407673
336.0,13.88888888888889,50.0,0.0,2985.493911030596,0.0,2985.493911030596,0.0,0.0,0.41974009317171324,True,0.01843392213522249
337.0,13.88888888888889,50.0,0.0,2985.493911030596,0.0,2985.493911030596,0.0,0.0,0.41974009317171324,True,0.01870108042703731
338.0,13.88888888888889,50.0,0.0,2985.493911030596,0.0,2985.493911030596,0.0,0.0,0.41974009317171324,True,0.01896823871885213
339.0,13.88888888888889,50.0,0.0,2985.493911030596,0.0,2985.493911030596,0.0,0.0,0.41974009317171324,True,0.019235397010666948
340.0,13.88888888888889,50.0,0.0,2985.493911030596,0.0,2985.493911030596,0.0,0.0,0.41974009317171324,True,0.019502555302481767
341.0,13.88888888888889,50.0,0.0,2985.493911030596,0.0,2985.493911030596,0.0,0.0,0.41974009317171324,True,0.019769713594296585
342.0,13.88888888888889,50.0,0.0,2985.493911030596,0.0,2985.493911030596,0.0,0.0,0.41974009317171324,True,0.020036871886111404
343.0,13.88888888888889,50.0,0.0,2985.493911030596,0.0,2985.493911030596,0.0,0.0,0.41974009317171324,True,0.020304030177926223
344.0,13.88888888888889,50.0,0.0,2985.493911030596,0.0,2985.493911030596,0.0,0.0,0.41974009317171324,True,0.020571188469741042
345.0,13.88888888888889,50.0,0.0,2985.493911030596,0.0,2985.493911030596,0.0,0.0,0.41974009317171324,True,0.02083834676155586
346.0,13.88888888888889,50.0,0.0,2985.493911030596,0.0,2985.493911030596,0.0,0.0,0.41974009317171324,True,0.02110550505337068
347.0,13.88888888888889,50.0,0.0,2985.493911030596,0.0,2985.493911030596,0.0,0.0,0.41974009317171324,True,0.0213726633451855
348.0,13.88888888888889,50.0,0.0,2985.493911030596,0.0,2985.493911030596,0.0,0.0,0.41974009317171324,True,0.021639821637000317
349.0,13.88888888888889,50.0,0.0,2985.493911030596,0.0,2985.493911030596,0.0,0.0,0.41974009317171324,True,0.021906979928815136
350.0,13.88888888888889,50.0,0.0,2985.493911030596,0.0,2985.493911030596,0.0,0.0,0.41974009317171324,True,0.022174138220629955
351.0,13.88888888888889,50.0,0.0,2985.493911030596,0.0,2985.493911030596,0.0,0.0,0.41974009317171324,True,0.022441296512444774
352.0,13.88888888888889,50.0,0.0,2985.493911030596,0.0,2985.493911030596,0.0,0.0,0.41974009317171324,True,0.022708454804259592
353.0,13.88888888888889,50.0,0.0,2985.493911030596,0.0,2985.493911030596,0.0,0.0,0.41974009317171324,True,0.02297561309607441
354.0,13.88888888888889,50.0,0.0,2985.493911030596,0.0,2985.493911030596,0.0,0.0,0.41974009317171324,True,0.02324277138788923
355.0,13.88888888888889,50.0,0.0,2985.493911030596,0.0,2985.493911030596,0.0,0.0,0.41974009317171324,True,0.02350992967970405
356.0,13.88888888888889,50.0,0.0,2985.493911030596,0.0,2985.493911030596,0.0,0.0,0.41974009317171324,True,0.023777087971518868
357.0,13.88888888888889,50.0,0.0,2985.493911030596,0.0,2985.493911030596,0.0,0.0,0.41974009317171324,True,0.024044246263333686
358.0,13.88888888888889,50.0,0.0,2985.493911030596,0.0,2985.493911030596,0.0,0.0,0.41974009317171324,True,0.024311404555148505
359.0,13.88888888888889,50.0,0.0,2985.493911030596,0.0,2985.493911030596,0.0,0.0,0.41974009317171324,True,0.024578562846963324
360.0,13.88888888888889,50.0,0.0,2985.493911030596,0.0,2985.493911030596,0.0,0.0,0.41974009317171324,True,0.024845721138778143
361.0,13.88888888888889,50.0,0.0,2985.493911030596,0.0,2985.493911030596,0.0,0.0,0.41974009317171324,True,0.025112879430592962
362.0,13.88888888888889,50.0,0.0,2985.493911030596,0.0,2985.493911030596,0.0,0.0,0.41974009317171324,True,0.02538003772240778
363.0,13.88888888888889,50.0,0.0,2985.493911030596,0.0,2985.493911030596,0.0,0.0,0.41974009317171324,True,0.0256471960142226
364.0,13.88888888888889,50.0,0.0,2985.493911030596,0.0,2985.493911030596,0.0,0.0,0.41974009317171324,True,0.025914354306037418
365.0,13.88888888888889,50.0,0.0,2985.493911030596,0.0,2985.493911030596,0.0,0.0,0.41974009317171324,True,0.026181512597852237
366.0,13.88888888888889,50.0,0.0,2985.493911030596,0.0,2985.493911030596,0.0,0.0,0.41974009317171324,True,0.026448670889667056
367.0,13.88888888888889,50.0,0.0,2985.493911030596,0.0,2985.493911030596,0.0,0.0,0.41974009317171324,True,0.026715829181481875
368.0,13.88888888888889,50.0,0.0,2985.493911030596,0.0,2985.493911030596,0.0,0.0,0.41974009317171324,True,0.026982987473296693
369.0,13.88888888888889,50.0,0.0,2985.493911030596,0.0,2985.493911030596,0.0,0.0,0.41974009317171324,True,0.027250145765111512
370.0,13.88888888888889,50.0,0.0,2985.493911030596,0.0,2985.493911030596,0.0,0.0,0.41974009317171324,True,0.02751730405692633
371.0,13.88888888888889,50.0,0.0,2985.493911030596,0.0,2985.493911030596,0.0,0.0,0.41974009317171324,True,0.02778446234874115
372.0,13.88888888888889,50.0,0.0,2985.493911030596,0.0,2985.493911030596,0.0,0.0,0.41974009317171324,True,0.02805162064055597
373.0,13.88888888888889,50.0,0.0,2985.493911030596,0.0,2985.493911030596,0.0,0.0,0.41974009317171324,True,0.028318778932370788
374.0,13.88888888888889,50.0,0.0,2985.493911030596,0.0,2985.493911030596,0.0,0.0,0.41974009317171324,True,0.028585937224185606
375.0,13.88888888888889,50.0,0.0,2985.493911030596,0.0,2985.493911030596,0.0,0.0,0.41974009317171324,True,0.028853095516000425
376.0,13.88888888888889,50.0,0.0,2985.493911030596,0.0,2985.493911030596,0.0,0.0,0.41974009317171324,True,0.029120253807815244
377.0,13.88888888888889,50.0,0.0,2985.493911030596,0.0,2985.493911030596,0.0,0.0,0.41974009317171324,True,0.029387412099630063
378.0,13.88888888888889,50.0,0.0,2985.493911030596,0.0,2985.493911030596,0.0,0.0,0.41974009317171324,True,0.02965457039144488
379.0,13.88888888888889,50.0,0.0,2985.493911030596,0.0,2985.493911030596,0.0,0.0,0.41974009317171324,True,0.0299217286832597
380.0,13.88888888888889,50.0,0.0,2985.493911030596,0.0,2985.493911030596,0.0,0.0,0.41974009317171324,True,0.03018888697507452
381.0,13.88888888888889,50.0,0.0,2985.493911030596,0.0,2985.493911030596,0.0,0.0,0.41974009317171324,True,0.030456045266889338
382.0,13.88888888888889,50.0,0.0,2985.493911030596,0.0,2985.493911030596,0.0,0.0,0.41974009317171324,True,0.030723203558704157
383.0,13.88888888888889,50.0,0.0,2985.493911030596,0.0,2985.493911030596,0.0,0.0,0.41974009317171324,True,0.030990361850518976
384.0,13.88888888888889,50.0,0.0,2985.493911030596,0.0,2985.493911030596,0.0,0.0,0.41974009317171324,True,0.031257520142333794
385.0,13.88888888888889,50.0,0.0,2985.493911030596,0.0,2985.493911030596,0.0,0.0,0.41974009317171324,True,0.03152467843414861
386.0,13.88888888888889,50.0,0.0,2985.493911030596,0.0,2985.493911030596,0.0,0.0,0.41974009317171324,True,0.03179183672596343
387.0,13.88888888888889,50.0,0.0,2985.493911030596,0.0,2985.493911030596,0.0,0.0,0.41974009317171324,True,0.03205899501777825
388.0,13.88888888888889,50.0,0.0,2985.493911030596,0.0,2985.493911030596,0.0,0.0,0.41974009317171324,True,0.03232615330959307
389.0,13.88888888888889,50.0,0.0,2985.493911030596,0.0,2985.493911030596,0.0,0.0,0.41974009317171324,True,0.03259331160140789
390.0,13.88888888888889,50.0,0.0,2985.493911030596,0.0,2985.493911030596,0.0,0.0,0.41974009317171324,True,0.03286046989322271
391.0,13.88888888888889,50.0,0.0,2985.493911030596,0.0,2985.493911030596,0.0,0.0,0.41974009317171324,True,0.033127628185037526
392.0,13.88888888888889,50.0,0.0,2985.493911030596,0.0,2985.493911030596,0.0,0.0,0.41974009317171324,True,0.033394786476852345
393.0,13.88888888888889,50.0,0.0,2985.493911030596,0.0,2985.493911030596,0.0,0.0,0.41974009317171324,True,0.033661944768667164
394.0,13.88888888888889,50.0,0.0,2985.493911030596,0.0,2985.493911030596,0.0,0.0,0.41974009317171324,True,0.03392910306048198
395.0,13.88888888888889,50.0,0.0,2985.493911030596,0.0,2985.493911030596,0.0,0.0,0.41974009317171324,True,0.0341962613522968
396.0,13.88888888888889,50.0,0.0,2985.493911030596,0.0,2985.493911030596,0.0,0.0,0.41974009317171324,True,0.03446341964411162
397.0,13.88888888888889,50.0,0.0,2985.493911030596,0.0,2985.493911030596,0.0,0.0,0.41974009317171324,True,0.03473057793592644
398.0,13.88888888888889,50.0,0.0,2985.493911030596,0.0,2985.493911030596,0.0,0.0,0.41974009317171324,True,0.03499773622774126
399.0,13.88888888888889,50.0,0.0,2985.493911030596,0.0,2985.493911030596,0.0,0.0,0.41974009317171324,True,0.03526489451955608
400.0,13.88888888888889,50.0,0.0,2985.493911030596,0.0,2985.493911030596,0.0,0.0,0.41974009317171324,True,0.035532052811370896
401.0,13.88888888888889,50.0,0.0,2985.493911030596,0.0,2985.493911030596,0.0,0.0,0.41974009317171324,True,0.035799211103185714
402.0,13.88888888888889,50.0,0.0,2985.493911030596,0.0,2985.493911030596,0.0,0.0,0.41974009317171324,True,0.03606636939500053
403.0,13.88888888888889,50.0,0.0,2985.493911030596,0.0,2985.493911030596,0.0,0.0,0.41974009317171324,True,0.03633352768681535
404.0,13.88888888888889,50.0,0.0,2985.493911030596,0.0,2985.493911030596,0.0,0.0,0.41974009317171324,True,0.03660068597863017
405.0,13.88888888888889,50.0,0.0,2985.493911030596,0.0,2985.493911030596,0.0,0.0,0.41974009317171324,True,0.03686784427044499
406.0,13.88888888888889,50.0,0.0,2985.493911030596,0.0,2985.493911030596,0.0,0.0,0.41974009317171324,True,0.03713500256225981
407.0,13.88888888888889,50.0,0.0,2985.493911030596,0.0,2985.493911030596,0.0,0.0,0.41974009317171324,True,0.03740216085407463
408.0,13.88888888888889,50.0,0.0,2985.493911030596,0.0,2985.493911030596,0.0,0.0,0.41974009317171324,True,0.037669319145889446
409.0,13.88888888888889,50.0,0.0,2985.493911030596,0.0,2985.493911030596,0.0,0.0,0.41974009317171324,True,0.037936477437704265
410.0,13.88888888888889,50.0,0.0,2985.493911030596,0.0,2985.493911030596,0.0,0.0,0.41974009317171324,True,0.038203635729519084
411.0,13.88888888888889,50.0,0.0,2985.493911030596,0.0,2985.493911030596,0.0,0.0,0.41974009317171324,True,0.0384707940213339
412.0,13.88888888888889,50.0,0.0,2985.493911030596,0.0,2985.493911030596,0.0,0.0,0.41974009317171324,True,0.03873795231314872
413.0,13.88888888888889,50.0,0.0,2985.493911030596,0.0,2985.493911030596,0.0,0.0,0.41974009317171324,True,0.03900511060496354
414.0,13.88888888888889,50.0,0.0,2985.493911030596,0.0,2985.493911030596,0.0,0.0,0.41974009317171324,True,0.03927226889677836
415.0,13.88888888888889,50.0,0.0,2985.493911030596,0.0,2985.493911030596,0.0,0.0,0.41974009317171324,True,0.03953942718859318
416.0,13.88888888888889,50.0,0.0,2985.493911030596,0.0,2985.493911030596,0.0,0.0,0.41974009317171324,True,0.039806585480408
417.0,13.88888888888889,50.0,0.0,2985.493911030596,0.0,2985.493911030596,0.0,0.0,0.41974009317171324,True,0.040073743772222815
418.0,13.88888888888889,50.0,0.0,2985.493911030596,0.0,2985.493911030596,0.0,0.0,0.41974009317171324,True,0.040340902064037634
419.0,13.88888888888889,50.0,0.0,2985.493911030596,0.0,2985.493911030596,0.0,0.0,0.41974009317171324,True,0.04060806035585245
420.0,13.88888888888889,50.0,0.0,2985.493911030596,0.0,2985.493911030596,0.0,0.0,0.41974009317171324,True,0.04087521864766727
421.0,13.88888888888889,50.0,0.0,2985.493911030596,0.0,2985.493911030596,0.0,0.0,0.41974009317171324,True,0.04114237693948209
422.0,13.88888888888889,50.0,0.0,2985.493911030596,0.0,2985.493911030596,0.0,0.0,0.41974009317171324,True,0.04140953523129691
423.0,13.88888888888889,50.0,0.0,2985.493911030596,0.0,2985.493911030596,0.0,0.0,0.41974009317171324,True,0.04167669352311173
424.0,13.88888888888889,50.0,0.0,2985.493911030596,0.0,2985.493911030596,0.0,0.0,0.41974009317171324,True,0.04194385181492655
425.0,13.88888888888889,50.0,0.0,2985.493911030596,0.0,2985.493911030596,0.0,0.0,0.41974009317171324,True,0.042211010106741366
426.0,13.88888888888889,50.0,0.0,2985.493911030596,0.0,2985.493911030596,0.0,0.0,0.41974009317171324,True,0.042478168398556185
427.0,13.88888888888889,50.0,0.0,2985.493911030596,0.0,2985.493911030596,0.0,0.0,0.41974009317171324,True,0.042745326690371004
428.0,13.88888888888889,50.0,0.0,2985.493911030596,0.0,2985.493911030596,0.0,0.0,0.41974009317171324,True,0.04301248498218582
429.0,13.88888888888889,50.0,0.0,2985.493911030596,0.0,2985.493911030596,0.0,0.0,0.41974009317171324,True,0.04327964327400064
430.0,13.88888888888889,50.0,0.0,2985.493911030596,0.0,2985.493911030596,0.0,0.0,0.41974009317171324,True,0.04354680156581546
431.0,13.88888888888889,50.0,0.0,2985.493911030596,0.0,2985.493911030596,0.0,0.0,0.41974009317171324,True,0.04381395985763028
432.0,13.88888888888889,50.0,0.0,2985.493911030596,0.0,2985.493911030596,0.0,0.0,0.41974009317171324,True,0.0440811181494451
433.0,13.88888888888889,50.0,0.0,2985.493911030596,0.0,2985.493911030596,0.0,0.0,0.41974009317171324,True,0.044348276441259916
434.0,13.88888888888889,50.0,0.0,2985.493911030596,0.0,2985.493911030596,0.0,0.0,0.41974009317171324,True,0.044615434733074735
435.0,13.88888888888889,50.0,0.0,2985.493911030596,0.0,2985.493911030596,0.0,0.0,0.41974009317171324,True,0.044882593024889554
436.0,13.88888888888889,50.0,0.0,2985.493911030596,0.0,2985.493911030596,0.0,0.0,0.41974009317171324,True,0.04514975131670437
437.0,13.88888888888889,50.0,0.0,2985.493911030596,0.0,2985.493911030596,0.0,0.0,0.41974009317171324,True,0.04541690960851919
438.0,13.88888888888889,50.0,0.0,2985.493911030596,0.0,2985.493911030596,0.0,0.0,0.41974009317171324,True,0.04568406790033401
439.0,13.88888888888889,50.0,0.0,2985.493911030596,0.0,2985.493911030596,0.0,0.0,0.41974009317171324,True,0.04595122619214883
440.0,13.88888888888889,50.0,0.0,2985.493911030596,0.0,2985.493911030596,0.0,0.0,0.41974009317171324,True,0.04621838448396365
441.0,13.88888888888889,50.0,0.0,2985.493911030596,0.0,2985.493911030596,0.0,0.0,0.41974009317171324,True,0.04648554277577847
442.0,13.88888888888889,50.0,0.0,2985.493911030596,0.0,2985.493911030596,0.0,0.0,0.41974009317171324,True,0.046752701067593286
443.0,13.88888888888889,50.0,0.0,2985.493911030596,0.0,2985.493911030596,0.0,0.0,0.41974009317171324,True,0.047019859359408105
444.0,13.88888888888889,50.0,0.0,2985.493911030596,0.0,2985.493911030596,0.0,0.0,0.41974009317171324,True,0.04728701765122292
445.0,13.88888888888889,50.0,0.0,2985.493911030596,0.0,2985.493911030596,0.0,0.0,0.41974009317171324,True,0.04755417594303774
446.0,13.88888888888889,50.0,0.0,2985.493911030596,0.0,2985.493911030596,0.0,0.0,0.41974009317171324,True,0.04782133423485256
447.0,13.88888888888889,50.0,0.0,2985.493911030596,0.0,2985.493911030596,0.0,0.0,0.41974009317171324,True,0.04808849252666738
448.0,13.88888888888889,50.0,0.0,2985.493911030596,0.0,2985.493911030596,0.0,0.0,0.41974009317171324,True,0.0483556508184822
449.0,13.88888888888889,50.0,0.0,2985.493911030596,0.0,2985.493911030596,0.0,0.0,0.41974009317171324,True,0.04862280911029702
450.0,13.88888888888889,50.0,0.0,2985.493911030596,0.0,2985.493911030596,0.0,0.0,0.41974009317171324,True,0.048889967402111836
451.0,13.88888888888889,50.0,0.0,2985.493911030596,0.0,2985.493911030596,0.0,0.0,0.41974009317171324,True,0.049157125693926655
452.0,13.88888888888889,50.0,0.0,2985.493911030596,0.0,2985.493911030596,0.0,0.0,0.41974009317171324,True,0.049424283985741474
453.0,13.88888888888889,50.0,0.0,2985.493911030596,0.0,2985.493911030596,0.0,0.0,0.41974009317171324,True,0.04969144227755629
454.0,13.88888888888889,50.0,0.0,2985.493911030596,0.0,2985.493911030596,0.0,0.0,0.41974009317171324,True,0.04995860056937111
455.0,13.88888888888889,50.0,0.0,2985.493911030596,0.0,2985.493911030596,0.0,0.0,0.41974009317171324,True,0.05022575886118593
456.0,13.88888888888889,50.0,0.0,2985.493911030596,0.0,2985.493911030596,0.0,0.0,0.41974009317171324,True,0.05049291715300075
457.0,13.88888888888889,50.0,0.0,2985.493911030596,0.0,2985.493911030596,0.0,0.0,0.41974009317171324,True,0.05076007544481557
458.0,13.88888888888889,50.0,0.0,2985.493911030596,0.0,2985.493911030596,0.0,0.0,0.41974009317171324,True,0.05102723373663039
459.0,13.88888888888889,50.0,0.0,2985.493911030596,0.0,2985.493911030596,0.0,0.0,0.41974009317171324,True,0.051294392028445206
460.0,13.88888888888889,50.0,0.0,2985.493911030596,0.0,2985.493911030596,0.0,0.0,0.41974009317171324,True,0.051561550320260024
461.0,13.88888888888889,50.0,0.0,2985.493911030596,0.0,2985.493911030596,0.0,0.0,0.41974009317171324,True,0.05182870861207484
462.0,13.88888888888889,50.0,0.0,2985.493911030596,0.0,2985.493911030596,0.0,0.0,0.41974009317171324,True,0.05209586690388966
463.0,13.88888888888889,50.0,0.0,2985.493911030596,0.0,2985.493911030596,0.0,0.0,0.41974009317171324,True,0.05236302519570448
464.0,13.88888888888889,50.0,0.0,2985.493911030596,0.0,2985.493911030596,0.0,0.0,0.41974009317171324,True,0.0526301834875193
465.0,13.88888888888889,50.0,0.0,2985.493911030596,0.0,2985.493911030596,0.0,0.0,0.41974009317171324,True,0.05289734177933412
466.0,13.88888888888889,50.0,0.0,2985.493911030596,0.0,2985.493911030596,0.0,0.0,0.41974009317171324,True,0.05316450007114894
467.0,13.88888888888889,50.0,0.0,2985.493911030596,0.0,2985.493911030596,0.0,0.0,0.41974009317171324,True,0.053431658362963756
468.0,13.88888888888889,50.0,0.0,2985.493911030596,0.0,2985.493911030596,0.0,0.0,0.41974009317171324,True,0.053698816654778575
469.0,13.88888888888889,50.0,0.0,2985.493911030596,0.0,2985.493911030596,0.0,0.0,0.41974009317171324,True,0.053965974946593394
470.0,13.88888888888889,50.0,0.0,2985.493911030596,0.0,2985.493911030596,0.0,0.0,0.41974009317171324,True,0.05423313323840821
471.0,13.88888888888889,50.0,0.0,2985.493911030596,0.0,2985.493911030596,0.0,0.0,0.41974009317171324,True,0.05450029153022303
472.0,13.88888888888889,50.0,0.0,2985.493911030596,0.0,2985.493911030596,0.0,0.0,0.41974009317171324,True,0.05476744982203785
473.0,13.88888888888889,50.0,0.0,2985.493911030596,0.0,2985.493911030596,0.0,0.0,0.41974009317171324,True,0.05503460811385267
474.0,13.88888888888889,50.0,0.0,2985.493911030596,0.0,2985.493911030596,0.0,0.0,0.41974009317171324,True,0.05530176640566749
475.0,13.88888888888889,50.0,0.0,2985.493911030596,0.0,2985.493911030596,0.0,0.0,0.41974009317171324,True,0.05556892469748231
476.0,13.88888888888889,50.0,0.0,2985.493911030596,0.0,2985.493911030596,0.0,0.0,0.41974009317171324,True,0.055836082989297126
477.0,13.88888888888889,50.0,0.0,2985.493911030596,0.0,2985.493911030596,0.0,0.0,0.41974009317171324,True,0.056103241281111944
478.0,13.88888888888889,50.0,0.0,2985.493911030596,0.0,2985.493911030596,0.0,0.0,0.41974009317171324,True,0.05637039957292676
479.0,13.88888888888889,50.0,0.0,2985.493911030596,0.0,2985.493911030596,0.0,0.0,0.41974009317171324,True,0.05663755786474158
480.0,13.88888888888889,50.0,0.0,2985.493911030596,0.0,2985.493911030596,0.0,0.0,0.41974009317171324,True,0.0569047161565564
481.0,13.88888888888889,50.0,0.0,2985.493911030596,0.0,2985.493911030596,0.0,0.0,0.41974009317171324,True,0.05717187444837122
482.0,13.88888888888889,50.0,0.0,2985.493911030596,0.0,2985.493911030596,0.0,0.0,0.41974009317171324,True,0.05743903274018604
483.0,13.88888888888889,50.0,0.0,2985.493911030596,0.0,2985.493911030596,0.0,0.0,0.41974009317171324,True,0.05770619103200086
484.0,13.88888888888889,50.0,0.0,2985.493911030596,0.0,2985.493911030596,0.0,0.0,0.41974009317171324,True,0.057973349323815676
485.0,13.88888888888889,50.0,0.0,2985.493911030596,0.0,2985.493911030596,0.0,0.0,0.41974009317171324,True,0.058240507615630495
486.0,13.88888888888889,50.0,0.0,2985.493911030596,0.0,2985.493911030596,0.0,0.0,0.41974009317171324,True,0.058507665907445314
487.0,13.88888888888889,50.0,0.0,2985.493911030596,0.0,2985.493911030596,0.0,0.0,0.41974009317171324,True,0.05877482419926013
488.0,13.88888888888889,50.0,0.0,2985.493911030596,0.0,2985.493911030596,0.0,0.0,0.41974009317171324,True,0.05904198249107495
489.0,13.88888888888889,50.0,0.0,2985.493911030596,0.0,2985.493911030596,0.0,0.0,0.41974009317171324,True,0.05930914078288977
490.0,13.88888888888889,50.0,0.0,2985.493911030596,0.0,2985.493911030596,0.0,0.0,0.41974009317171324,True,0.05957629907470459
491.0,13.88888888888889,50.0,0.0,2985.493911030596,0.0,2985.493911030596,0.0,0.0,0.41974009317171324,True,0.05984345736651941
492.0,13.88888888888889,50.0,0.0,2985.493911030596,0.0,2985.493911030596,0.0,0.0,0.41974009317171324,True,0.06011061565833423
493.0,13.88888888888889,50.0,0.0,2985.493911030596,0.0,2985.493911030596,0.0,0.0,0.41974009317171324,True,0.060377773950149045
494.0,13.88888888888889,50.0,0.0,2985.493911030596,0.0,2985.493911030596,0.0,0.0,0.41974009317171324,True,0.060644932241963864
495.0,13.88888888888889,50.0,0.0,2985.493911030596,0.0,2985.493911030596,0.0,0.0,0.41974009317171324,True,0.06091209053377868
496.0,13.88888888888889,50.0,0.0,2985.493911030596,0.0,2985.493911030596,0.0,0.0,0.41974009317171324,True,0.0611792488255935
497.0,13.88888888888889,50.0,0.0,2985.493911030596,0.0,2985.493911030596,0.0,0.0,0.41974009317171324,True,0.06144640711740832
498.0,13.88888888888889,50.0,0.0,2985.493911030596,0.0,2985.493911030596,0.0,0.0,0.41974009317171324,True,0.06171356540922314
499.0,13.88888888888889,50.0,0.0,2985.493911030596,0.0,2985.493911030596,0.0,0.0,0.41974009317171324,True,0.06198072370103796
500.0,13.88888888888889,50.0,0.0,2985.493911030596,0.0,2985.493911030596,0.0,0.0,0.41974009317171324,True,0.06224788199285278
501.0,13.88888888888889,50.0,0.0,2985.493911030596,0.0,2985.493911030596,0.0,0.0,0.41974009317171324,True,0.06251504028466759
502.0,13.88888888888889,50.0,0.0,2985.493911030596,0.0,2985.493911030596,0.0,0.0,0.41974009317171324,True,0.0627821985764824
503.0,13.88888888888889,50.0,0.0,2985.493911030596,0.0,2985.493911030596,0.0,0.0,0.41974009317171324,True,0.06304935686829721
504.0,13.88888888888889,50.0,0.0,2985.493911030596,0.0,2985.493911030596,0.0,0.0,0.41974009317171324,True,0.06331651516011202
505.0,13.88888888888889,50.0,0.0,2985.493911030596,0.0,2985.493911030596,0.0,0.0,0.41974009317171324,True,0.06358367345192684
506.0,13.88888888888889,50.0,0.0,2985.493911030596,0.0,2985.493911030596,0.0,0.0,0.41974009317171324,True,0.06385083174374165
507.0,13.88888888888889,50.0,0.0,2985.493911030596,0.0,2985.493911030596,0.0,0.0,0.41974009317171324,True,0.06411799003555646
508.0,13.88888888888889,50.0,0.0,2985.493911030596,0.0,2985.493911030596,0.0,0.0,0.41974009317171324,True,0.06438514832737127
509.0,13.88888888888889,50.0,0.0,2985.493911030596,0.0,2985.493911030596,0.0,0.0,0.41974009317171324,True,0.06465230661918608
510.0,13.88888888888889,50.0,0.0,2985.493911030596,0.0,2985.493911030596,0.0,0.0,0.41974009317171324,True,0.0649194649110009
511.0,13.88888888888889,50.0,0.0,2985.493911030596,0.0,2985.493911030596,0.0,0.0,0.41974009317171324,True,0.06518662320281571
512.0,13.88888888888889,50.0,0.0,2985.493911030596,0.0,2985.493911030596,0.0,0.0,0.41974009317171324,True,0.06545378149463052
513.0,13.88888888888889,50.0,0.0,2985.493911030596,0.0,2985.493911030596,0.0,0.0,0.41974009317171324,True,0.06572093978644533
514.0,13.88888888888889,50.0,0.0,2985.493911030596,0.0,2985.493911030596,0.0,0.0,0.41974009317171324,True,0.06598809807826014
515.0,13.88888888888889,50.0,0.0,2985.493911030596,0.0,2985.493911030596,0.0,0.0,0.41974009317171324,True,0.06625525637007496
516.0,13.88888888888889,50.0,0.0,2985.493911030596,0.0,2985.493911030596,0.0,0.0,0.41974009317171324,True,0.06652241466188977
517.0,13.88888888888889,50.0,0.0,2985.493911030596,0.0,2985.493911030596,0.0,0.0,0.41974009317171324,True,0.06678957295370458
518.0,13.88888888888889,50.0,0.0,2985.493911030596,0.0,2985.493911030596,0.0,0.0,0.41974009317171324,True,0.06705673124551939
519.0,13.88888888888889,50.0,0.0,2985.493911030596,0.0,2985.493911030596,0.0,0.0,0.41974009317171324,True,0.0673238895373342
520.0,13.88888888888889,50.0,0.0,2985.493911030596,0.0,2985.493911030596,0.0,0.0,0.41974009317171324,True,0.06759104782914901
521.0,13.88888888888889,50.0,0.0,2985.493911030596,0.0,2985.493911030596,0.0,0.0,0.41974009317171324,True,0.06785820612096383
522.0,13.88888888888889,50.0,0.0,2985.493911030596,0.0,2985.493911030596,0.0,0.0,0.41974009317171324,True,0.06812536441277864
523.0,13.88888888888889,50.0,0.0,2985.493911030596,0.0,2985.493911030596,0.0,0.0,0.41974009317171324,True,0.06839252270459345
524.0,13.88888888888889,50.0,0.0,2985.493911030596,0.0,2985.493911030596,0.0,0.0,0.41974009317171324,True,0.06865968099640826
525.0,13.88888888888889,50.0,0.0,2985.493911030596,0.0,2985.493911030596,0.0,0.0,0.41974009317171324,True,0.06892683928822307
526.0,13.88888888888889,50.0,0.0,2985.493911030596,0.0,2985.493911030596,0.0,0.0,0.41974009317171324,True,0.06919399758003789
527.0,13.88888888888889,50.0,0.0,2985.493911030596,0.0,2985.493911030596,0.0,0.0,0.41974009317171324,True,0.0694611558718527
528.0,13.88888888888889,50.0,0.0,2985.493911030596,0.0,2985.493911030596,0.0,0.0,0.41974009317171324,True,0.06972831416366751
529.0,13.88888888888889,50.0,0.0,2985.493911030596,0.0,2985.493911030596,0.0,0.0,0.41974009317171324,True,0.06999547245548232
530.0,13.88888888888889,50.0,0.0,2985.493911030596,0.0,2985.493911030596,0.0,0.0,0.41974009317171324,True,0.07026263074729713
531.0,13.88888888888889,50.0,0.0,2985.493911030596,0.0,2985.493911030596,0.0,0.0,0.41974009317171324,True,0.07052978903911195
532.0,13.88888888888889,50.0,0.0,2985.493911030596,0.0,2985.493911030596,0.0,0.0,0.41974009317171324,True,0.07079694733092676
533.0,13.88888888888889,50.0,0.0,2985.493911030596,0.0,2985.493911030596,0.0,0.0,0.41974009317171324,True,0.07106410562274157
534.0,13.88888888888889,50.0,0.0,2985.493911030596,0.0,2985.493911030596,0.0,0.0,0.41974009317171324,True,0.07133126391455638
535.0,13.88888888888889,50.0,0.0,2985.493911030596,0.0,2985.493911030596,0.0,0.0,0.41974009317171324,True,0.07159842220637119
536.0,13.88888888888889,50.0,0.0,2985.493911030596,0.0,2985.493911030596,0.0,0.0,0.41974009317171324,True,0.071865580498186
537.0,13.88888888888889,50.0,0.0,2985.493911030596,0.0,2985.493911030596,0.0,0.0,0.41974009317171324,True,0.07213273879000082
538.0,13.88888888888889,50.0,0.0,2985.493911030596,0.0,2985.493911030596,0.0,0.0,0.41974009317171324,True,0.07239989708181563
539.0,13.88888888888889,50.0,0.0,2985.493911030596,0.0,2985.493911030596,0.0,0.0,0.41974009317171324,True,0.07266705537363044
540.0,13.88888888888889,50.0,0.0,2985.493911030596,0.0,2985.493911030596,0.0,0.0,0.41974009317171324,True,0.07293421366544525
541.0,13.88888888888889,50.0,0.0,2985.493911030596,0.0,2985.493911030596,0.0,0.0,0.41974009317171324,True,0.07320137195726006
542.0,13.88888888888889,50.0,0.0,2985.493911030596,0.0,2985.493911030596,0.0,0.0,0.41974009317171324,True,0.07346853024907488
543.0,13.88888888888889,50.0,0.0,2985.493911030596,0.0,2985.493911030596,0.0,0.0,0.41974009317171324,True,0.07373568854088969
544.0,13.88888888888889,50.0,0.0,2985.493911030596,0.0,2985.493911030596,0.0,0.0,0.41974009317171324,True,0.0740028468327045
545.0,13.88888888888889,50.0,0.0,2985.493911030596,0.0,2985.493911030596,0.0,0.0,0.41974009317171324,True,0.07427000512451931
546.0,13.88888888888889,50.0,0.0,2985.493911030596,0.0,2985.493911030596,0.0,0.0,0.41974009317171324,True,0.07453716341633412
547.0,13.88888888888889,50.0,0.0,2985.493911030596,0.0,2985.493911030596,0.0,0.0,0.41974009317171324,True,0.07480432170814894
548.0,13.88888888888889,50.0,0.0,2985.493911030596,0.0,2985.493911030596,0.0,0.0,0.41974009317171324,True,0.07507147999996375
549.0,13.88888888888889,50.0,0.0,2985.493911030596,0.0,2985.493911030596,0.0,0.0,0.41974009317171324,True,0.07533863829177856
550.0,13.88888888888889,50.0,0.0,2985.493911030596,0.0,2985.493911030596,0.0,0.0,0.41974009317171324,True,0.07560579658359337
551.0,13.88888888888889,50.0,0.0,2985.493911030596,0.0,2985.493911030596,0.0,0.0,0.41974009317171324,True,0.07587295487540818
552.0,13.88888888888889,50.0,0.0,2985.493911030596,0.0,2985.493911030596,0.0,0.0,0.41974009317171324,True,0.076140113167223
553.0,13.88888888888889,50.0,0.0,2985.493911030596,0.0,2985.493911030596,0.0,0.0,0.41974009317171324,True,0.0764072714590378
554.0,13.88888888888889,50.0,0.0,2985.493911030596,0.0,2985.493911030596,0.0,0.0,0.41974009317171324,True,0.07667442975085262
555.0,13.88888888888889,50.0,0.0,2985.493911030596,0.0,2985.493911030596,0.0,0.0,0.41974009317171324,True,0.07694158804266743
556.0,13.88888888888889,50.0,0.0,2985.493911030596,0.0,2985.493911030596,0.0,0.0,0.41974009317171324,True,0.07720874633448224
557.0,13.88888888888889,50.0,0.0,2985.493911030596,0.0,2985.493911030596,0.0,0.0,0.41974009317171324,True,0.07747590462629705
558.0,13.88888888888889,50.0,0.0,2985.493911030596,0.0,2985.493911030596,0.0,0.0,0.41974009317171324,True,0.07774306291811187
559.0,13.88888888888889,50.0,0.0,2985.493911030596,0.0,2985.493911030596,0.0,0.0,0.41974009317171324,True,0.07801022120992668
560.0,13.88888888888889,50.0,0.0,2985.493911030596,0.0,2985.493911030596,0.0,0.0,0.41974009317171324,True,0.07827737950174149
561.0,13.88888888888889,50.0,0.0,2985.493911030596,0.0,2985.493911030596,0.0,0.0,0.41974009317171324,True,0.0785445377935563
562.0,13.88888888888889,50.0,0.0,2985.493911030596,0.0,2985.493911030596,0.0,0.0,0.41974009317171324,True,0.07881169608537111
563.0,13.88888888888889,50.0,0.0,2985.493911030596,0.0,2985.493911030596,0.0,0.0,0.41974009317171324,True,0.07907885437718593
564.0,13.88888888888889,50.0,0.0,2985.493911030596,0.0,2985.493911030596,0.0,0.0,0.41974009317171324,True,0.07934601266900074
565.0,13.88888888888889,50.0,0.0,2985.493911030596,0.0,2985.493911030596,0.0,0.0,0.41974009317171324,True,0.07961317096081555
566.0,13.88888888888889,50.0,0.0,2985.493911030596,0.0,2985.493911030596,0.0,0.0,0.41974009317171324,True,0.07988032925263036
567.0,13.88888888888889,50.0,0.0,2985.493911030596,0.0,2985.493911030596,0.0,0.0,0.41974009317171324,True,0.08014748754444517
568.0,13.88888888888889,50.0,0.0,2985.493911030596,0.0,2985.493911030596,0.0,0.0,0.41974009317171324,True,0.08041464583625998
569.0,13.88888888888889,50.0,0.0,2985.493911030596,0.0,2985.493911030596,0.0,0.0,0.41974009317171324,True,0.0806818041280748
570.0,13.88888888888889,50.0,0.0,2985.493911030596,0.0,2985.493911030596,0.0,0.0,0.41974009317171324,True,0.08094896241988961
571.0,13.88888888888889,50.0,0.0,2985.493911030596,0.0,2985.493911030596,0.0,0.0,0.41974009317171324,True,0.08121612071170442
572.0,13.88888888888889,50.0,0.0,2985.493911030596,0.0,2985.493911030596,0.0,0.0,0.41974009317171324,True,0.08148327900351923
573.0,13.88888888888889,50.0,0.0,2985.493911030596,0.0,2985.493911030596,0.0,0.0,0.41974009317171324,True,0.08175043729533404
574.0,13.88888888888889,50.0,0.0,2985.493911030596,0.0,2985.493911030596,0.0,0.0,0.41974009317171324,True,0.08201759558714886
575.0,13.88888888888889,50.0,0.0,2985.493911030596,0.0,2985.493911030596,0.0,0.0,0.41974009317171324,True,0.08228475387896367
576.0,13.88888888888889,50.0,0.0,2985.493911030596,0.0,2985.493911030596,0.0,0.0,0.41974009317171324,True,0.08255191217077848
577.0,13.88888888888889,50.0,0.0,2985.493911030596,0.0,2985.493911030596,0.0,0.0,0.41974009317171324,True,0.08281907046259329
578.0,13.88888888888889,50.0,0.0,2985.493911030596,0.0,2985.493911030596,0.0,0.0,0.41974009317171324,True,0.0830862287544081
579.0,13.88888888888889,50.0,0.0,2985.493911030596,0.0,2985.493911030596,0.0,0.0,0.41974009317171324,True,0.08335338704622292
580.0,13.88888888888889,50.0,0.0,2985.493911030596,0.0,2985.493911030596,0.0,0.0,0.41974009317171324,True,0.08362054533803773
581.0,13.88888888888889,50.0,0.0,2985.493911030596,0.0,2985.493911030596,0.0,0.0,0.41974009317171324,True,0.08388770362985254
582.0,13.88888888888889,50.0,0.0,2985.493911030596,0.0,2985.493911030596,0.0,0.0,0.41974009317171324,True,0.08415486192166735
583.0,13.88888888888889,50.0,0.0,2985.493911030596,0.0,2985.493911030596,0.0,0.0,0.41974009317171324,True,0.08442202021348216
584.0,13.88888888888889,50.0,0.0,2985.493911030596,0.0,2985.493911030596,0.0,0.0,0.41974009317171324,True,0.08468917850529697
585.0,13.88888888888889,50.0,0.0,2985.493911030596,0.0,2985.493911030596,0.0,0.0,0.41974009317171324,True,0.08495633679711179
586.0,13.88888888888889,50.0,0.0,2985.493911030596,0.0,2985.493911030596,0.0,0.0,0.41974009317171324,True,0.0852234950889266
587.0,13.88888888888889,50.0,0.0,2985.493911030596,0.0,2985.493911030596,0.0,0.0,0.41974009317171324,True,0.08549065338074141
588.0,13.88888888888889,50.0,0.0,2985.493911030596,0.0,2985.493911030596,0.0,0.0,0.41974009317171324,True,0.08575781167255622
589.0,13.88888888888889,50.0,0.0,2985.493911030596,0.0,2985.493911030596,0.0,0.0,0.41974009317171324,True,0.08602496996437103
590.0,13.88888888888889,50.0,0.0,2985.493911030596,0.0,2985.493911030596,0.0,0.0,0.41974009317171324,True,0.08629212825618585
591.0,13.88888888888889,50.0,0.0,2985.493911030596,0.0,2985.493911030596,0.0,0.0,0.41974009317171324,True,0.08655928654800066
592.0,13.88888888888889,50.0,0.0,2985.493911030596,0.0,2985.493911030596,0.0,0.0,0.41974009317171324,True,0.08682644483981547
593.0,13.88888888888889,50.0,0.0,2985.493911030596,0.0,2985.493911030596,0.0,0.0,0.41974009317171324,True,0.08709360313163028
594.0,13.88888888888889,50.0,0.0,2985.493911030596,0.0,2985.493911030596,0.0,0.0,0.41974009317171324,True,0.0873607614234451
595.0,13.88888888888889,50.0,0.0,2985.493911030596,0.0,2985.493911030596,0.0,0.0,0.41974009317171324,True,0.0876279197152599
596.0,13.88888888888889,50.0,0.0,2985.493911030596,0.0,2985.493911030596,0.0,0.0,0.41974009317171324,True,0.08789507800707472
597.0,13.88888888888889,50.0,0.0,2985.493911030596,0.0,2985.493911030596,0.0,0.0,0.41974009317171324,True,0.08816223629888953
598.0,13.88888888888889,50.0,0.0,2985.493911030596,0.0,2985.493911030596,0.0,0.0,0.41974009317171324,True,0.08842939459070434
599.0,13.88888888888889,50.0,0.0,2985.493911030596,0.0,2985.493911030596,0.0,0.0,0.41974009317171324,True,0.08869655288251915
